GS_Auto_0001	555001.764	1227280.061	208.912						0.014	0.014	0.019	2020.03.19	12:43:52.20
GS_Auto_0002	555005.012	1227276.207	208.908						0.016	0.017	0.023	2020.03.19	12:44:4.20
GS_Auto_0003	555006.206	1227271.330	208.881						0.016	0.017	0.024	2020.03.19	12:44:11.80
GS_Auto_0004	555007.028	1227266.241	208.883						0.014	0.013	0.020	2020.03.19	12:44:17.60
GS_Auto_0005	555006.709	1227261.173	208.908						0.016	0.017	0.023	2020.03.19	12:44:23.60
GS_Auto_0006	555005.819	1227256.165	208.888						0.015	0.013	0.020	2020.03.19	12:44:29.40
GS_Auto_0007	555003.962	1227251.446	208.895						0.015	0.015	0.021	2020.03.19	12:44:34.80
GS_Auto_0008	555000.927	1227247.402	208.901						0.016	0.013	0.021	2020.03.19	12:44:40.20
GS_Auto_0009	554997.200	1227243.910	208.898						0.013	0.017	0.021	2020.03.19	12:44:45.40
GS_Auto_0010	554992.112	1227243.740	208.915						0.012	0.012	0.017	2020.03.19	12:45:5.40
GS_Auto_0011	554987.901	1227246.500	208.903						0.012	0.012	0.017	2020.03.19	12:45:29.40
GS_Auto_0012	554982.757	1227246.178	208.914						0.010	0.010	0.014	2020.03.19	12:45:37.20
GS_Auto_0013	554977.974	1227244.637	208.869						0.012	0.013	0.018	2020.03.19	12:45:44.00
GS_Auto_0014	554973.683	1227247.301	208.904						0.011	0.012	0.017	2020.03.19	12:45:55.80
GS_Auto_0015	554969.107	1227249.394	208.902						0.012	0.013	0.018	2020.03.19	12:46:2.20
GS_Auto_0016	554964.141	1227250.313	208.900						0.011	0.012	0.016	2020.03.19	12:46:8.20
GS_Auto_0017	554959.019	1227251.021	208.898						0.012	0.013	0.018	2020.03.19	12:46:14.20
GS_Auto_0018	554954.027	1227251.736	208.900						0.011	0.012	0.016	2020.03.19	12:46:20.00
GS_Auto_0019	554949.057	1227252.406	208.902						0.011	0.012	0.016	2020.03.19	12:46:25.80
GS_Auto_0020	554944.015	1227252.727	208.894						0.011	0.011	0.016	2020.03.19	12:46:31.60
GS_Auto_0021	554939.010	1227252.843	208.896						0.010	0.010	0.014	2020.03.19	12:46:37.40
GS_Auto_0022	554933.877	1227253.016	208.890						0.010	0.011	0.015	2020.03.19	12:46:43.40
GS_Auto_0023	554928.898	1227253.589	208.906						0.011	0.012	0.016	2020.03.19	12:46:49.80
GS_Auto_0024	554924.596	1227250.945	208.904						0.010	0.012	0.016	2020.03.19	12:46:56.20
GS_Auto_0025	554919.521	1227250.380	208.897						0.010	0.011	0.015	2020.03.19	12:47:2.60
GS_Auto_0026	554914.469	1227250.037	208.900						0.010	0.011	0.014	2020.03.19	12:47:8.60
GS_Auto_0027	554909.410	1227250.081	208.892						0.012	0.012	0.017	2020.03.19	12:47:14.60
GS_Auto_0028	554904.338	1227250.976	208.896						0.011	0.011	0.016	2020.03.19	12:47:20.80
GS_Auto_0029	554899.552	1227252.824	208.900						0.010	0.010	0.015	2020.03.19	12:47:27.20
GS_Auto_0030	554894.419	1227253.374	208.903						0.010	0.010	0.014	2020.03.19	12:47:33.60
GS_Auto_0031	554889.410	1227252.713	208.890						0.011	0.011	0.016	2020.03.19	12:47:39.60
GS_Auto_0032	554884.632	1227250.917	208.889						0.010	0.011	0.015	2020.03.19	12:47:45.80
GS_Auto_0033	554879.795	1227249.343	208.893						0.010	0.010	0.014	2020.03.19	12:47:52.20
GS_Auto_0034	554875.154	1227251.262	208.900						0.010	0.011	0.015	2020.03.19	12:47:59.00
GS_Auto_0035	554871.274	1227254.577	208.897						0.011	0.011	0.015	2020.03.19	12:48:5.60
GS_Auto_0036	554868.710	1227258.977	208.907						0.011	0.012	0.016	2020.03.19	12:48:11.80
GS_Auto_0037	554866.141	1227263.362	208.902						0.011	0.012	0.016	2020.03.19	12:48:17.80
GS_Auto_0038	554861.298	1227264.962	208.901						0.012	0.013	0.018	2020.03.19	12:48:24.00
GS_Auto_0039	554857.514	1227268.308	208.896						0.011	0.011	0.015	2020.03.19	12:48:30.40
GS_Auto_0040	554857.727	1227273.379	208.907						0.014	0.013	0.018	2020.03.19	12:48:38.80
GS_Auto_0041	554861.284	1227276.993	208.908						0.016	0.015	0.022	2020.03.19	12:48:46.20
GS_Auto_0042	554866.279	1227276.510	208.880						0.014	0.013	0.019	2020.03.19	12:48:53.40
GS_Auto_0043	554871.307	1227275.483	208.889						0.015	0.014	0.020	2020.03.19	12:48:59.40
GS_Auto_0044	554875.946	1227273.562	208.880						0.014	0.014	0.020	2020.03.19	12:49:5.20
GS_Auto_0045	554880.859	1227272.149	208.896						0.013	0.015	0.020	2020.03.19	12:49:11.00
GS_Auto_0046	554885.897	1227272.877	208.879						0.013	0.015	0.020	2020.03.19	12:49:17.00
GS_Auto_0047	554890.668	1227274.572	208.892						0.013	0.012	0.018	2020.03.19	12:49:22.80
GS_Auto_0048	554895.360	1227272.610	208.886						0.012	0.013	0.017	2020.03.19	12:49:30.00
GS_Auto_0049	554900.184	1227274.275	208.888						0.015	0.015	0.021	2020.03.19	12:49:36.20
GS_Auto_0050	554905.007	1227272.721	208.882						0.011	0.012	0.016	2020.03.19	12:49:43.40
GS_Auto_0051	554910.079	1227272.703	208.890						0.012	0.013	0.017	2020.03.19	12:49:49.80
GS_Auto_0052	554915.000	1227273.833	208.892						0.012	0.013	0.017	2020.03.19	12:49:55.60
GS_Auto_0053	554920.141	1227273.935	208.890						0.013	0.015	0.020	2020.03.19	12:50:1.80
GS_Auto_0054	554925.192	1227274.541	208.907						0.013	0.014	0.020	2020.03.19	12:50:7.80
GS_Auto_0055	554930.299	1227274.118	208.893						0.014	0.016	0.021	2020.03.19	12:50:14.40
GS_Auto_0056	554935.158	1227275.348	208.896						0.012	0.012	0.017	2020.03.19	12:50:20.20
GS_Auto_0057	554940.203	1227276.003	208.896						0.014	0.013	0.019	2020.03.19	12:50:26.00
GS_Auto_0058	554945.112	1227277.235	208.877						0.014	0.015	0.021	2020.03.19	12:50:31.80
GS_Auto_0059	554950.044	1227278.313	208.893						0.014	0.014	0.020	2020.03.19	12:50:38.00
GS_Auto_0060	554955.141	1227277.791	208.885						0.013	0.014	0.019	2020.03.19	12:50:44.40
GS_Auto_0061	554960.118	1227277.171	208.890						0.013	0.013	0.018	2020.03.19	12:50:50.60
GS_Auto_0062	554965.114	1227278.188	208.885						0.013	0.015	0.020	2020.03.19	12:50:56.40
GS_Auto_0063	554970.150	1227278.832	208.895						0.012	0.013	0.018	2020.03.19	12:51:2.20
GS_Auto_0064	554975.151	1227278.275	208.895						0.011	0.012	0.017	2020.03.19	12:51:8.20
GS_Auto_0065	554980.187	1227278.844	208.898						0.012	0.014	0.019	2020.03.19	12:51:14.00
GS_Auto_0066	554985.204	1227278.942	208.905						0.014	0.017	0.022	2020.03.19	12:51:20.00
GS_Auto_0067	554990.129	1227277.827	208.894						0.013	0.016	0.021	2020.03.19	12:51:26.80
GS_Auto_0068	554994.941	1227279.220	208.891						0.015	0.018	0.024	2020.03.19	12:51:33.00
GS_Auto_0069	554999.751	1227280.860	208.901						0.015	0.017	0.023	2020.03.19	12:51:39.00
GS_Auto_0070	555004.854	1227280.699	208.897						0.020	0.024	0.032	2020.03.19	12:51:47.80
GS_Auto_0071	555000.521	1227278.187	208.904						0.012	0.013	0.018	2020.03.19	12:53:25.40
GS_Auto_0072	554995.565	1227276.503	208.900						0.015	0.015	0.021	2020.03.19	12:53:29.60
GS_Auto_0073	554990.474	1227276.355	208.883						0.013	0.014	0.019	2020.03.19	12:53:33.20
GS_Auto_0074	554985.259	1227276.263	208.887						0.012	0.013	0.018	2020.03.19	12:53:36.80
GS_Auto_0075	554980.096	1227276.008	208.885						0.012	0.014	0.019	2020.03.19	12:53:40.40
GS_Auto_0076	554974.867	1227275.792	208.877						0.012	0.014	0.019	2020.03.19	12:53:44.00
GS_Auto_0077	554969.786	1227276.009	208.856						0.012	0.013	0.017	2020.03.19	12:53:48.20
GS_Auto_0078	554964.756	1227275.817	208.879						0.010	0.011	0.015	2020.03.19	12:53:56.00
GS_Auto_0079	554959.510	1227275.277	208.875						0.011	0.012	0.016	2020.03.19	12:53:60.00
GS_Auto_0080	554954.333	1227274.826	208.884						0.010	0.011	0.015	2020.03.19	12:54:3.60
GS_Auto_0081	554949.381	1227274.087	208.869						0.011	0.012	0.016	2020.03.19	12:54:7.00
GS_Auto_0082	554944.158	1227273.693	208.869						0.010	0.011	0.015	2020.03.19	12:54:10.60
GS_Auto_0083	554938.929	1227273.412	208.870						0.011	0.011	0.016	2020.03.19	12:54:14.20
GS_Auto_0084	554933.686	1227273.193	208.872						0.011	0.012	0.016	2020.03.19	12:54:17.80
GS_Auto_0085	554928.485	1227272.859	208.869						0.010	0.010	0.014	2020.03.19	12:54:21.40
GS_Auto_0086	554923.322	1227272.542	208.870						0.014	0.016	0.022	2020.03.19	12:54:25.00
GS_Auto_0087	554918.177	1227271.875	208.874						0.011	0.012	0.016	2020.03.19	12:54:28.60
GS_Auto_0088	554913.110	1227271.307	208.859						0.010	0.012	0.015	2020.03.19	12:54:32.20
GS_Auto_0089	554908.042	1227270.841	208.860						0.011	0.012	0.016	2020.03.19	12:54:35.80
GS_Auto_0090	554902.960	1227270.305	208.880						0.010	0.011	0.015	2020.03.19	12:54:39.40
GS_Auto_0091	554897.757	1227270.404	208.872						0.011	0.012	0.016	2020.03.19	12:54:43.00
GS_Auto_0092	554892.567	1227270.710	208.879						0.012	0.014	0.018	2020.03.19	12:54:46.60
GS_Auto_0093	554887.286	1227271.078	208.893						0.012	0.014	0.018	2020.03.19	12:54:50.20
GS_Auto_0094	554882.156	1227271.712	208.891						0.010	0.011	0.015	2020.03.19	12:54:53.80
GS_Auto_0095	554877.037	1227272.668	208.890						0.013	0.014	0.019	2020.03.19	12:54:58.20
GS_Auto_0096	554872.233	1227274.078	208.899						0.011	0.012	0.017	2020.03.19	12:55:2.80
GS_Auto_0097	554867.451	1227275.635	208.883						0.011	0.012	0.016	2020.03.19	12:55:7.60
GS_Auto_0098	554862.417	1227276.108	208.888						0.009	0.010	0.014	2020.03.19	12:55:13.20
GS_Auto_0099	554857.559	1227274.663	208.883						0.012	0.014	0.018	2020.03.19	12:55:19.00
GS_Auto_0100	554859.066	1227269.735	208.876						0.012	0.014	0.018	2020.03.19	12:55:36.80
GS_Auto_0101	554863.128	1227266.632	208.874						0.012	0.012	0.016	2020.03.19	12:55:40.80
GS_Auto_0102	554868.286	1227266.349	208.881						0.012	0.012	0.017	2020.03.19	12:55:44.60
GS_Auto_0103	554873.318	1227267.495	208.878						0.013	0.015	0.020	2020.03.19	12:55:48.20
GS_Auto_0104	554878.570	1227268.092	208.891						0.011	0.013	0.017	2020.03.19	12:55:51.80
GS_Auto_0105	554883.578	1227267.996	208.878						0.010	0.011	0.015	2020.03.19	12:55:55.20
GS_Auto_0106	554888.749	1227267.306	208.892						0.011	0.012	0.016	2020.03.19	12:55:58.80
GS_Auto_0107	554893.742	1227266.893	208.885						0.011	0.013	0.017	2020.03.19	12:56:2.20
GS_Auto_0108	554898.966	1227266.542	208.888						0.011	0.013	0.018	2020.03.19	12:56:5.80
GS_Auto_0109	554904.176	1227266.399	208.885						0.010	0.011	0.015	2020.03.19	12:56:9.40
GS_Auto_0110	554909.409	1227266.671	208.883						0.011	0.012	0.016	2020.03.19	12:56:13.00
GS_Auto_0111	554914.622	1227266.880	208.865						0.011	0.012	0.016	2020.03.19	12:56:16.60
GS_Auto_0112	554919.818	1227267.442	208.896						0.013	0.015	0.020	2020.03.19	12:56:20.20
GS_Auto_0113	554924.945	1227268.502	208.885						0.011	0.012	0.016	2020.03.19	12:56:23.80
GS_Auto_0114	554930.105	1227269.478	208.888						0.012	0.013	0.018	2020.03.19	12:56:27.40
GS_Auto_0115	554935.282	1227270.204	208.883						0.012	0.013	0.017	2020.03.19	12:56:31.00
GS_Auto_0116	554940.433	1227270.367	208.894						0.012	0.013	0.018	2020.03.19	12:56:34.60
GS_Auto_0117	554945.610	1227270.560	208.892						0.011	0.012	0.016	2020.03.19	12:56:38.20
GS_Auto_0118	554950.750	1227270.193	208.881						0.011	0.012	0.017	2020.03.19	12:56:41.80
GS_Auto_0119	554955.950	1227270.029	208.877						0.011	0.012	0.016	2020.03.19	12:56:45.40
GS_Auto_0120	554961.107	1227270.052	208.885						0.011	0.012	0.016	2020.03.19	12:56:49.00
GS_Auto_0121	554966.339	1227270.253	208.880						0.011	0.012	0.016	2020.03.19	12:56:52.60
GS_Auto_0122	554971.549	1227270.659	208.893						0.012	0.013	0.017	2020.03.19	12:56:56.20
GS_Auto_0123	554976.728	1227271.413	208.898						0.013	0.013	0.018	2020.03.19	12:56:59.80
GS_Auto_0124	554981.880	1227271.849	208.892						0.011	0.012	0.016	2020.03.19	12:57:3.40
GS_Auto_0125	554986.977	1227272.878	208.876						0.016	0.018	0.025	2020.03.19	12:57:7.00
GS_Auto_0126	554991.963	1227274.536	208.875						0.013	0.014	0.019	2020.03.19	12:57:10.60
GS_Auto_0127	554997.106	1227275.715	208.853						0.014	0.015	0.021	2020.03.19	12:57:14.20
GS_Auto_0128	555002.070	1227274.852	208.873						0.012	0.013	0.017	2020.03.19	12:57:17.60
GS_Auto_0129	555005.255	1227270.867	208.883						0.013	0.014	0.019	2020.03.19	12:57:21.40
GS_Auto_0130	555002.597	1227266.592	208.889						0.013	0.012	0.018	2020.03.19	12:57:25.60
GS_Auto_0131	554997.600	1227265.174	208.884						0.012	0.012	0.017	2020.03.19	12:57:29.40
GS_Auto_0132	554992.430	1227264.777	208.897						0.010	0.012	0.016	2020.03.19	12:57:33.00
GS_Auto_0133	554987.179	1227264.129	208.887						0.009	0.010	0.013	2020.03.19	12:57:36.60
GS_Auto_0134	554982.199	1227263.523	208.883						0.009	0.011	0.014	2020.03.19	12:57:40.00
GS_Auto_0135	554977.042	1227262.640	208.886						0.009	0.009	0.013	2020.03.19	12:57:43.60
GS_Auto_0136	554971.882	1227261.607	208.888						0.008	0.009	0.013	2020.03.19	12:57:47.20
GS_Auto_0137	554966.677	1227260.711	208.888						0.010	0.011	0.014	2020.03.19	12:57:50.80
GS_Auto_0138	554961.436	1227260.295	208.886						0.009	0.010	0.013	2020.03.19	12:57:54.40
GS_Auto_0139	554956.211	1227260.405	208.888						0.010	0.011	0.015	2020.03.19	12:57:58.00
GS_Auto_0140	554950.955	1227260.602	208.884						0.009	0.010	0.014	2020.03.19	12:58:1.60
GS_Auto_0141	554945.731	1227261.108	208.885						0.009	0.010	0.013	2020.03.19	12:58:5.20
GS_Auto_0142	554940.500	1227261.621	208.886						0.009	0.010	0.013	2020.03.19	12:58:8.80
GS_Auto_0143	554935.364	1227262.268	208.881						0.009	0.010	0.014	2020.03.19	12:58:12.40
GS_Auto_0144	554930.156	1227262.711	208.871						0.009	0.011	0.014	2020.03.19	12:58:16.00
GS_Auto_0145	554924.948	1227262.985	208.888						0.010	0.011	0.015	2020.03.19	12:58:19.60
GS_Auto_0146	554919.759	1227263.209	208.886						0.009	0.010	0.013	2020.03.19	12:58:23.20
GS_Auto_0147	554914.633	1227263.391	208.877						0.010	0.011	0.014	2020.03.19	12:58:26.80
GS_Auto_0148	554909.619	1227263.512	208.877						0.009	0.010	0.013	2020.03.19	12:58:30.40
GS_Auto_0149	554904.589	1227263.123	208.875						0.009	0.010	0.014	2020.03.19	12:58:34.00
GS_Auto_0150	554899.486	1227262.390	208.881						0.009	0.011	0.014	2020.03.19	12:58:37.60
GS_Auto_0151	554894.298	1227261.808	208.888						0.010	0.011	0.015	2020.03.19	12:58:41.20
GS_Auto_0152	554889.172	1227262.345	208.883						0.010	0.011	0.015	2020.03.19	12:58:44.80
GS_Auto_0153	554884.042	1227263.322	208.879						0.009	0.010	0.014	2020.03.19	12:58:48.40
GS_Auto_0154	554879.103	1227264.881	208.882						0.010	0.012	0.016	2020.03.19	12:58:52.00
GS_Auto_0155	554874.228	1227266.766	208.886						0.010	0.011	0.015	2020.03.19	12:58:55.60
GS_Auto_0156	554869.487	1227269.028	208.889						0.011	0.012	0.016	2020.03.19	12:58:59.20
GS_Auto_0157	554865.497	1227272.312	208.856						0.011	0.013	0.017	2020.03.19	12:59:2.80
GS_Auto_0158	554860.978	1227274.523	208.858						0.012	0.013	0.018	2020.03.19	12:59:6.80
GS_Auto_0159	554859.466	1227269.719	208.871						0.011	0.011	0.016	2020.03.19	12:59:12.40
GS_Auto_0160	554862.914	1227265.990	208.877						0.010	0.011	0.015	2020.03.19	12:59:16.40
GS_Auto_0161	554867.368	1227263.327	208.890						0.011	0.012	0.016	2020.03.19	12:59:20.20
GS_Auto_0162	554871.798	1227260.879	208.890						0.011	0.012	0.016	2020.03.19	12:59:23.80
GS_Auto_0163	554876.675	1227259.589	208.885						0.010	0.011	0.015	2020.03.19	12:59:27.40
GS_Auto_0164	554881.729	1227259.151	208.890						0.011	0.013	0.017	2020.03.19	12:59:31.00
GS_Auto_0165	554886.958	1227259.078	208.875						0.010	0.011	0.015	2020.03.19	12:59:34.60
GS_Auto_0166	554892.138	1227258.237	208.883						0.010	0.011	0.015	2020.03.19	12:59:38.20
GS_Auto_0167	554897.126	1227256.658	208.878						0.010	0.012	0.015	2020.03.19	12:59:41.80
GS_Auto_0168	554902.195	1227256.075	208.877						0.009	0.011	0.014	2020.03.19	12:59:45.40
GS_Auto_0169	554907.243	1227256.893	208.880						0.010	0.012	0.016	2020.03.19	12:59:49.00
GS_Auto_0170	554912.371	1227257.389	208.882						0.011	0.012	0.016	2020.03.19	12:59:52.60
GS_Auto_0171	554917.488	1227258.204	208.882						0.011	0.013	0.017	2020.03.19	12:59:56.20
GS_Auto_0172	554922.630	1227258.748	208.869						0.011	0.012	0.016	2020.03.19	12:59:59.80
GS_Auto_0173	554927.783	1227258.735	208.884						0.010	0.012	0.016	2020.03.19	13:00:3.40
GS_Auto_0174	554933.001	1227258.503	208.876						0.010	0.011	0.015	2020.03.19	13:00:7.00
GS_Auto_0175	554938.172	1227257.690	208.871						0.010	0.011	0.015	2020.03.19	13:00:10.60
GS_Auto_0176	554943.290	1227256.549	208.867						0.010	0.012	0.016	2020.03.19	13:00:14.20
GS_Auto_0177	554948.398	1227255.571	208.874						0.010	0.011	0.015	2020.03.19	13:00:17.80
GS_Auto_0178	554953.493	1227254.845	208.873						0.010	0.011	0.015	2020.03.19	13:00:21.40
GS_Auto_0179	554958.698	1227254.652	208.871						0.009	0.011	0.014	2020.03.19	13:00:25.00
GS_Auto_0180	554963.953	1227254.507	208.873						0.011	0.012	0.016	2020.03.19	13:00:28.60
GS_Auto_0181	554969.113	1227253.820	208.865						0.011	0.013	0.016	2020.03.19	13:00:32.20
GS_Auto_0182	554974.013	1227252.163	208.872						0.011	0.012	0.017	2020.03.19	13:00:35.80
GS_Auto_0183	554978.828	1227250.135	208.868						0.010	0.012	0.015	2020.03.19	13:00:39.40
GS_Auto_0184	554983.413	1227247.901	208.873						0.010	0.012	0.016	2020.03.19	13:00:43.00
GS_Auto_0185	554988.063	1227245.938	208.872						0.011	0.013	0.017	2020.03.19	13:00:46.60
GS_Auto_0186	554993.012	1227244.574	208.859						0.011	0.012	0.016	2020.03.19	13:00:50.40
GS_Auto_0187	554997.543	1227246.729	208.890						0.012	0.013	0.017	2020.03.19	13:00:54.80
GS_Auto_0188	554999.282	1227251.470	208.885						0.012	0.013	0.018	2020.03.19	13:00:58.60
GS_Auto_0189	555001.253	1227256.208	208.889						0.013	0.014	0.019	2020.03.19	13:01:2.20
GS_Auto_0190	555003.454	1227260.782	208.873						0.011	0.013	0.017	2020.03.19	13:01:5.80
GS_Auto_0191	555003.713	1227265.994	208.861						0.017	0.021	0.027	2020.03.19	13:01:9.80
GS_Auto_0192	555000.074	1227269.456	208.865						0.012	0.013	0.018	2020.03.19	13:01:13.80
GS_Auto_0193	554994.971	1227269.649	208.870						0.013	0.014	0.019	2020.03.19	13:01:17.60
GS_Auto_0194	554989.852	1227269.121	208.873						0.009	0.011	0.014	2020.03.19	13:01:21.20
GS_Auto_0195	554984.854	1227268.019	208.863						0.009	0.010	0.013	2020.03.19	13:01:24.80
GS_Auto_0196	554980.190	1227265.969	208.863						0.010	0.011	0.014	2020.03.19	13:01:28.40
GS_Auto_0197	554976.918	1227262.138	208.867						0.009	0.010	0.014	2020.03.19	13:01:32.00
GS_Auto_0198	554972.610	1227259.248	208.862						0.009	0.011	0.014	2020.03.19	13:01:35.60
GS_Auto_0199	554967.914	1227261.361	208.866						0.010	0.012	0.016	2020.03.19	13:01:39.60
GS_Auto_0200	554964.775	1227265.524	208.863						0.010	0.012	0.015	2020.03.19	13:01:43.40
GS_Auto_0201	554961.524	1227269.521	208.879						0.009	0.010	0.013	2020.03.19	13:01:47.60
GS_Auto_0202	554957.406	1227272.482	208.896						0.009	0.011	0.014	2020.03.19	13:01:55.20
GS_Auto_0203	554952.394	1227272.897	208.855						0.010	0.012	0.016	2020.03.19	13:02:8.20
GS_Auto_0204	554947.396	1227272.314	208.842						0.010	0.012	0.016	2020.03.19	13:02:29.80
GS_Auto_0205	554942.459	1227273.257	208.874						0.011	0.014	0.017	2020.03.19	13:03:4.80
GS_Auto_0206	554938.048	1227270.875	208.864						0.010	0.011	0.015	2020.03.19	13:03:24.20
GS_Auto_0207	554933.237	1227272.446	208.867						0.009	0.011	0.015	2020.03.19	13:03:28.80
GS_Auto_0208	554928.041	1227271.773	208.869						0.011	0.013	0.017	2020.03.19	13:03:33.00
GS_Auto_0209	554923.585	1227269.421	208.852						0.009	0.011	0.015	2020.03.19	13:03:36.60
GS_Auto_0210	554922.937	1227264.332	208.848						0.010	0.012	0.016	2020.03.19	13:03:41.40
GS_Auto_0211	554927.869	1227263.025	208.855						0.009	0.010	0.013	2020.03.19	13:03:45.80
GS_Auto_0212	554931.681	1227266.366	208.865						0.009	0.011	0.014	2020.03.19	13:03:50.00
GS_Auto_0213	554935.144	1227270.141	208.854						0.009	0.012	0.015	2020.03.19	13:03:53.60
GS_Auto_0214	554940.250	1227270.483	208.865						0.010	0.011	0.015	2020.03.19	13:03:57.40
GS_Auto_0215	554944.375	1227267.594	208.864						0.010	0.012	0.016	2020.03.19	13:04:1.20
GS_Auto_0216	554948.706	1227265.050	208.867						0.010	0.012	0.016	2020.03.19	13:04:4.80
GS_Auto_0217	554953.766	1227265.432	208.881						0.009	0.011	0.014	2020.03.19	13:04:8.60
GS_Auto_0218	554958.639	1227267.329	208.859						0.009	0.011	0.014	2020.03.19	13:04:12.20
GS_Auto_0219	554963.804	1227267.581	208.875						0.010	0.012	0.016	2020.03.19	13:04:15.80
GS_Auto_0220	554968.362	1227265.160	208.871						0.011	0.014	0.018	2020.03.19	13:04:19.60
GS_Auto_0221	554972.279	1227261.971	208.871						0.010	0.012	0.016	2020.03.19	13:04:23.20
GS_Auto_0222	554976.928	1227259.914	208.866						0.010	0.012	0.015	2020.03.19	13:04:26.80
GS_Auto_0223	554981.508	1227257.727	208.869						0.010	0.012	0.016	2020.03.19	13:04:30.40
GS_Auto_0224	554986.699	1227257.092	208.883						0.012	0.016	0.020	2020.03.19	13:04:34.20
GS_Auto_0225	554991.803	1227257.982	208.864						0.010	0.012	0.015	2020.03.19	13:04:38.00
GS_Auto_0226	554995.735	1227261.087	208.866						0.013	0.015	0.020	2020.03.19	13:04:41.40
GS_Auto_0227	555000.826	1227261.418	208.850						0.011	0.012	0.016	2020.03.19	13:04:45.20
GS_Auto_0228	554999.923	1227256.449	208.881						0.025	0.030	0.039	2020.03.19	13:04:51.00
GS_Auto_0229	554994.896	1227255.719	208.881						0.012	0.014	0.019	2020.03.19	13:04:55.00
GS_Auto_0230	554990.054	1227254.307	208.885						0.011	0.014	0.018	2020.03.19	13:04:58.60
GS_Auto_0231	554985.312	1227251.970	208.885						0.012	0.014	0.018	2020.03.19	13:05:2.20
GS_Auto_0232	554980.234	1227250.829	208.880						0.011	0.013	0.017	2020.03.19	13:05:5.80
GS_Auto_0233	554975.244	1227251.614	208.882						0.010	0.012	0.015	2020.03.19	13:05:10.60
GS_Auto_0234	554970.402	1227253.023	208.890						0.009	0.011	0.015	2020.03.19	13:05:19.80
GS_Auto_0235	554965.755	1227254.878	208.889						0.008	0.010	0.013	2020.03.19	13:05:37.60
GS_Auto_0236	554961.494	1227257.547	208.876						0.011	0.013	0.017	2020.03.19	13:06:16.40
GS_Auto_0237	554956.486	1227258.073	208.884						0.009	0.011	0.015	2020.03.19	13:06:21.20
GS_Auto_0238	554951.447	1227258.152	208.878						0.009	0.012	0.015	2020.03.19	13:06:24.80
GS_Auto_0239	554946.250	1227257.701	208.877						0.009	0.011	0.014	2020.03.19	13:06:28.40
GS_Auto_0240	554941.144	1227257.073	208.874						0.009	0.011	0.014	2020.03.19	13:06:32.00
GS_Auto_0241	554936.124	1227255.867	208.867						0.011	0.014	0.018	2020.03.19	13:06:35.60
GS_Auto_0242	554931.051	1227255.412	208.865						0.010	0.013	0.017	2020.03.19	13:06:39.20
GS_Auto_0243	554926.143	1227257.288	208.868						0.010	0.013	0.016	2020.03.19	13:06:43.00
GS_Auto_0244	554921.271	1227258.998	208.869						0.009	0.011	0.015	2020.03.19	13:06:46.80
GS_Auto_0245	554916.146	1227258.545	208.877						0.010	0.011	0.015	2020.03.19	13:06:50.60
GS_Auto_0246	554911.253	1227256.661	208.870						0.010	0.012	0.016	2020.03.19	13:06:54.40
GS_Auto_0247	554907.220	1227253.200	208.856						0.011	0.013	0.017	2020.03.19	13:06:58.00
GS_Auto_0248	554902.335	1227252.046	208.865						0.009	0.011	0.015	2020.03.19	13:07:1.80
GS_Auto_0249	554899.378	1227256.254	208.859						0.009	0.011	0.014	2020.03.19	13:07:6.20
GS_Auto_0250	554895.736	1227259.752	208.863						0.010	0.012	0.016	2020.03.19	13:07:11.00
GS_Auto_0251	554891.299	1227256.942	208.870						0.011	0.012	0.016	2020.03.19	13:07:15.20
GS_Auto_0252	554887.115	1227254.066	208.874						0.010	0.012	0.016	2020.03.19	13:07:18.80
GS_Auto_0253	554882.222	1227252.168	208.858						0.009	0.011	0.015	2020.03.19	13:07:22.40
GS_Auto_0254	554877.167	1227252.659	208.862						0.009	0.012	0.015	2020.03.19	13:07:26.00
GS_Auto_0255	554873.417	1227256.210	208.840						0.010	0.012	0.016	2020.03.19	13:07:29.80
GS_Auto_0256	554876.147	1227260.521	208.856						0.009	0.011	0.014	2020.03.19	13:07:34.60
GS_Auto_0257	554880.565	1227258.011	208.870						0.009	0.012	0.015	2020.03.19	13:07:39.40
GS_Auto_0258	554883.119	1227253.694	208.872						0.009	0.012	0.015	2020.03.19	13:07:43.60
GS_Auto_0259	554888.160	1227253.191	208.867						0.010	0.012	0.016	2020.03.19	13:07:47.60
GS_Auto_0260	554892.453	1227255.798	208.873						0.009	0.011	0.014	2020.03.19	13:07:51.40
GS_Auto_0261	554896.512	1227259.053	208.860						0.011	0.014	0.017	2020.03.19	13:07:55.00
GS_Auto_0262	554901.678	1227259.696	208.874						0.010	0.013	0.017	2020.03.19	13:07:58.80
GS_Auto_0263	554906.712	1227259.124	208.866						0.009	0.011	0.014	2020.03.19	13:08:2.40
GS_Auto_0264	554911.959	1227259.532	208.875						0.009	0.012	0.015	2020.03.19	13:08:6.20
GS_Auto_0265	554916.672	1227261.527	208.840						0.009	0.011	0.014	2020.03.19	13:08:9.60
GS_Auto_0266	554920.342	1227258.125	208.870						0.011	0.013	0.017	2020.03.19	13:08:14.40
GS_Auto_0267	554921.588	1227253.156	208.859						0.010	0.012	0.016	2020.03.19	13:08:18.20
GS_Auto_0268	554926.038	1227250.685	208.890						0.009	0.011	0.014	2020.03.19	13:08:24.60
GS_Auto_0269	554922.354	1227254.120	208.893						0.010	0.012	0.015	2020.03.19	13:08:37.60
GS_Auto_0270	554917.181	1227254.514	208.893						0.010	0.013	0.016	2020.03.19	13:08:43.00
GS_Auto_0271	554912.226	1227253.751	208.869						0.010	0.012	0.016	2020.03.19	13:08:49.20
GS_Auto_0272	554911.842	1227258.848	208.877						0.008	0.010	0.013	2020.03.19	13:08:54.20
GS_Auto_0273	554916.644	1227260.958	208.872						0.010	0.012	0.015	2020.03.19	13:08:58.40
GS_Auto_0274	554921.836	1227260.564	208.878						0.011	0.013	0.017	2020.03.19	13:09:2.20
GS_Auto_0275	554927.019	1227260.034	208.883						0.009	0.011	0.015	2020.03.19	13:09:6.00
GS_Auto_0276	554931.977	1227261.698	208.873						0.009	0.011	0.014	2020.03.19	13:09:9.80
GS_Auto_0277	554936.060	1227264.610	208.871						0.009	0.011	0.014	2020.03.19	13:09:13.40
GS_Auto_0278	554939.297	1227268.787	208.875						0.008	0.010	0.013	2020.03.19	13:09:17.00
GS_Auto_0279	554943.924	1227270.925	208.877						0.010	0.013	0.017	2020.03.19	13:09:20.80
GS_Auto_0280	554948.695	1227268.933	208.883						0.013	0.017	0.021	2020.03.19	13:09:24.80
GS_Auto_0281	554953.359	1227266.618	208.877						0.011	0.014	0.018	2020.03.19	13:09:28.60
GS_Auto_0282	554958.244	1227265.437	208.883						0.010	0.013	0.016	2020.03.19	13:09:32.20
GS_Auto_0283	554963.481	1227265.275	208.896						0.009	0.012	0.015	2020.03.19	13:09:36.00
GS_Auto_0284	554968.474	1227265.961	208.889						0.009	0.011	0.014	2020.03.19	13:09:40.40
GS_Auto_0285	554973.358	1227267.094	208.904						0.009	0.011	0.015	2020.03.19	13:09:45.60
GS_Auto_0286	554978.139	1227268.720	208.894						0.009	0.011	0.014	2020.03.19	13:09:55.80
GS_Auto_0287	554982.914	1227270.212	208.877						0.011	0.013	0.017	2020.03.19	13:10:24.00
GS_Auto_0288	554986.092	1227274.145	208.887						0.010	0.013	0.016	2020.03.19	13:11:3.80
GS_Auto_0289	554991.048	1227275.352	208.892						0.011	0.014	0.018	2020.03.19	13:11:10.00
GS_Auto_0290	554996.055	1227276.079	208.899						0.010	0.013	0.016	2020.03.19	13:11:15.00
GS_Auto_0291	555001.070	1227276.850	208.886						0.010	0.013	0.016	2020.03.19	13:11:23.40
GS_Auto_0292	555005.451	1227279.274	208.893						0.012	0.016	0.020	2020.03.19	13:12:40.00
GS_Auto_0293	555001.723	1227275.833	208.855						0.012	0.018	0.021	2020.03.19	13:12:51.00
GS_Auto_0294	554997.441	1227273.213	208.870						0.012	0.015	0.019	2020.03.19	13:12:55.20
GS_Auto_0295	554992.637	1227271.457	208.890						0.010	0.013	0.016	2020.03.19	13:12:59.20
GS_Auto_0296	554987.862	1227269.889	208.878						0.011	0.013	0.017	2020.03.19	13:13:6.00
GS_Auto_0297	554983.109	1227268.238	208.877						0.010	0.012	0.016	2020.03.19	13:13:18.60
GS_Auto_0298	554977.916	1227268.174	208.863	V1					0.011	0.013	0.017	2020.03.19	13:13:36.20
GS_Auto_0299	554972.875	1227267.698	208.861	V1					0.010	0.012	0.016	2020.03.19	13:13:40.20
GS_Auto_0300	554968.035	1227266.094	208.867	V1					0.010	0.013	0.016	2020.03.19	13:13:43.80
GS_Auto_0301	554963.159	1227264.449	208.880	V1					0.009	0.011	0.014	2020.03.19	13:13:48.20
GS_Auto_0302	554957.131	1227263.101	208.884	V1					0.009	0.010	0.014	2020.03.19	13:13:59.80
GS_Auto_0303	554952.069	1227262.774	208.870	V1					0.009	0.010	0.013	2020.03.19	13:14:7.60
GS_Auto_0304	554946.981	1227261.887	208.872	V1					0.009	0.011	0.014	2020.03.19	13:14:11.40
GS_Auto_0305	554942.129	1227260.594	208.883	V1					0.009	0.011	0.014	2020.03.19	13:14:16.40
1	554938.426	1227259.508	208.881	V1					0.009	0.012	0.015	2020.03.19	13:14:23.27
GS_Auto_0306	554937.305	1227259.191	208.884	V1					0.009	0.011	0.014	2020.03.19	13:14:25.80
GS_Auto_0307	554932.283	1227258.383	208.875	V1					0.009	0.010	0.013	2020.03.19	13:14:33.20
GS_Auto_0308	554927.428	1227257.141	208.883	V1					0.009	0.010	0.014	2020.03.19	13:14:37.20
2	554925.818	1227256.653	208.883	V1					0.009	0.011	0.014	2020.03.19	13:14:39.26
GS_Auto_0309	554922.575	1227255.647	208.882	V1					0.009	0.011	0.014	2020.03.19	13:14:44.40
GS_Auto_0310	554917.904	1227253.778	208.891	V1					0.010	0.012	0.015	2020.03.19	13:14:58.60
GS_Auto_0311	554918.130	1227258.837	208.867	V1					0.009	0.012	0.015	2020.03.19	13:15:24.40
GS_Auto_0312	554923.184	1227259.402	208.870	V1					0.009	0.012	0.015	2020.03.19	13:15:28.40
GS_Auto_0313	554928.404	1227259.145	208.865	V1					0.009	0.011	0.014	2020.03.19	13:15:32.20
GS_Auto_0314	554933.299	1227260.221	208.870	V1					0.008	0.010	0.013	2020.03.19	13:15:35.80
GS_Auto_0315	554937.460	1227263.108	208.873	V1					0.008	0.010	0.013	2020.03.19	13:15:39.40
GS_Auto_0316	554941.488	1227266.096	208.869	V1					0.008	0.011	0.014	2020.03.19	13:15:42.80
GS_Auto_0317	554946.498	1227266.591	208.866	V1					0.009	0.011	0.014	2020.03.19	13:15:46.40
GS_Auto_0318	554951.283	1227265.081	208.871	V1					0.009	0.012	0.015	2020.03.19	13:15:50.00
GS_Auto_0319	554955.875	1227263.099	208.880	V1					0.008	0.011	0.013	2020.03.19	13:15:53.60
GS_Auto_0320	554960.945	1227262.738	208.883	V1					0.008	0.011	0.014	2020.03.19	13:15:57.20
GS_Auto_0321	554966.037	1227263.199	208.872	V1					0.009	0.011	0.014	2020.03.19	13:16:0.80
GS_Auto_0322	554970.909	1227264.753	208.880	V1					0.008	0.010	0.013	2020.03.19	13:16:4.40
GS_Auto_0323	554975.737	1227266.730	208.879	V1					0.009	0.011	0.014	2020.03.19	13:16:8.00
GS_Auto_0324	554980.532	1227268.938	208.876	V1					0.008	0.010	0.013	2020.03.19	13:16:11.60
GS_Auto_0325	554985.349	1227271.125	208.876	V1					0.009	0.010	0.014	2020.03.19	13:16:15.20
GS_Auto_0326	554990.224	1227272.873	208.870	V1					0.008	0.011	0.014	2020.03.19	13:16:18.80
GS_Auto_0327	554994.918	1227274.618	208.894	V1					0.009	0.011	0.014	2020.03.19	13:16:22.40
GS_Auto_0328	554999.562	1227276.492	208.891	V1					0.010	0.013	0.017	2020.03.19	13:16:26.60
GS_Auto_0329	555004.157	1227278.745	208.873	V1					0.009	0.012	0.015	2020.03.19	13:16:32.40
3	555007.709	1227276.617	208.886	V1					0.012	0.014	0.019	2020.03.19	13:35:1.05
4	555008.371	1227271.562	208.902	V1					0.013	0.018	0.022	2020.03.19	13:35:29.85
5	555008.976	1227267.304	208.889	V1					0.014	0.020	0.024	2020.03.19	13:36:22.72
